model,accuracy,balanced accuracy,precision,recall,f1,roc auc,pr auc,mcc,kappa,accuracy spread,beats baseline by
Random Forest,0.5983455882352942,0.550424809413544,0.6326819346734713,0.8154252410776085,0.7071561651124891,0.5638656374752257,0.6403507163768941,0.12086378639270315,0.10605640142993429,0.059689597487557616,-0.004227941176470629
Decision Tree,0.5803308823529412,0.540933082903216,0.628603140993433,0.7701069293230247,0.682394613684129,0.5492936474956298,0.6281779705248676,0.0965084101283373,0.08468524071249628,0.060405681621752944,-0.022242647058823617
Gradient Boosting,0.5650735294117647,0.5358488447822959,0.6262469052459513,0.7018732119010448,0.6533827174757489,0.5473137493809471,0.6311281263412113,0.08272873712407476,0.07245096767746147,0.059329026319084224,-0.03750000000000009
XGBoost,0.5525735294117646,0.5311273630107627,0.6237010588812415,0.6736912987013082,0.6363688073811098,0.5334205351719692,0.6206614969524917,0.07159225464474309,0.061677713210389104,0.0505238895346654,-0.050000000000000155
Naive Bayes,0.5705882352941177,0.5244845614863722,0.6171591084490468,0.7822823231797823,0.6836311082821146,0.5655193201944428,0.6516701939513544,0.06418028717990339,0.051109561109191626,0.045132326586540934,-0.031985294117647056
Neural Network,0.5722426470588236,0.5188109962147095,0.6132688830377024,0.8299358996470815,0.6981758494133996,0.5489227260027839,0.6305142841001538,0.05421433724965641,0.039338500722149214,0.02499087474030207,-0.030330882352941235
KNN,0.5709558823529413,0.5215312226717134,0.615689401230459,0.7934048632406482,0.6880634775586089,0.5358070050417632,0.6232526203056998,0.053699156042450805,0.04515350946107237,0.02806997934213998,-0.03161764705882353
SVM,0.5772058823529412,0.5203584031687949,0.6143800410945087,0.8140991220751712,0.6965111568004195,0.5291100615840731,0.6120855586904611,0.05093566000797443,0.04362551040191296,0.050203515044209,-0.02536764705882355
Logistic Regression,0.5943014705882353,0.5088336186547286,0.606742592565267,0.9278067804591632,0.7313422309081299,0.5711738993743335,0.6537614741791042,0.040010161940951736,0.021648542768849578,0.07109836920333477,-0.008272058823529438
LightGBM,0.5334558823529412,0.5152817256793327,0.6118150535375981,0.6327705631569593,0.6120510184624032,0.5138662365056949,0.6090420714659726,0.033052423125707685,0.030185401676850066,0.05433143787580307,-0.06911764705882362
Baseline: random guessing,0.5290441176470588,0.5085894250502803,0.6086772116083633,0.6169938397230603,0.6105937474501487,0.5085894250502803,0.6064155432542198,0.01608033803527529,0.015725341877426025,,-0.07352941176470595
Baseline: always the common answer,0.6025735294117648,0.5,0.6025735294117648,1.0,0.7500577989840129,0.5,0.6025735294117648,0.0,0.0,,0.0
Baseline: tomorrow repeats today,0.5036764705882353,0.4986840058985599,0.601338671253617,0.5140702784901213,0.5534104240274417,,,-0.002736791220943429,-0.0028702056686488397,,-0.0988970588235295
