,mutual information,ANOVA F,Spearman,Lasso,LightGBM,permutation,SHAP,RFECV,average rank,disagreement
month,43.0,5.0,3.0,2.0,11.0,7.0,1.0,1.0,9.125,14.10610303581903
return_skew_21d,8.0,13.0,25.0,9.0,3.0,21.0,2.0,1.0,10.25,8.892211680534183
rsi_7,4.0,12.0,15.0,1.0,55.0,12.0,6.0,1.0,13.25,17.67766952966369
stoch_k_minus_d,13.0,1.0,6.0,18.0,14.0,84.0,19.0,1.0,19.5,26.997354367736534
volatility_ratio,6.0,25.0,29.0,30.0,15.0,17.0,34.0,1.0,19.625,11.90363089865561
day_range,86.0,18.0,10.0,13.0,25.0,25.0,8.0,1.0,23.25,26.67127936296163
day_of_month,25.0,21.0,23.0,10.0,9.0,101.0,4.0,1.0,24.25,32.27006573989497
macd_hist_change,31.0,26.0,22.0,21.0,52.0,5.0,49.0,1.0,25.875,18.27126940620946
stoch_k,26.0,24.0,26.0,12.0,47.0,36.0,35.0,1.0,25.875,14.376940862764533
close_vs_sma10,58.0,7.0,5.0,74.0,41.0,16.0,12.0,1.0,26.75,27.442146938084647
volume_vs_average,86.0,10.0,18.0,11.0,12.0,49.0,39.0,1.0,28.25,28.34355557895203
adx_lag5,16.0,71.0,75.0,31.0,7.0,20.0,18.0,1.0,29.875,28.07356407725959
close_vs_open,46.0,90.0,34.0,32.0,16.0,34.0,5.0,1.0,32.25,28.064975630540946
mfi_14,41.0,33.0,45.0,16.0,10.0,105.0,17.0,1.0,33.5,32.70648690572385
volatility_5d,86.0,41.0,47.0,25.0,22.0,19.0,28.0,1.0,33.625,25.343004106515412
cci_20,86.0,58.0,54.0,4.0,40.0,3.0,29.0,1.0,34.375,30.914340176873072
return_kurtosis_21d,56.0,74.0,103.0,17.0,4.0,6.0,15.0,1.0,34.5,38.29584087823936
adx_lag10,12.0,69.0,98.0,74.0,6.0,4.0,16.0,1.0,35.0,38.718766214109365
di_plus,29.0,51.0,51.0,74.0,19.0,26.0,31.0,1.0,35.25,22.606888962690743
kdj_j_minus_k,86.0,6.0,8.0,74.0,36.0,30.0,42.0,1.0,35.375,31.44581507473269
avg_return_5d,7.0,3.0,1.0,6.0,96.0,65.0,104.0,1.0,35.375,45.2641059307956
volatility_21d,1.0,101.0,92.0,3.0,5.0,85.0,3.0,1.0,36.375,46.82776191229179
lower_wick,86.0,70.0,42.0,34.0,35.0,10.0,14.0,1.0,36.5,29.47153590452029
return_5d,39.0,2.0,2.0,74.0,64.0,48.0,67.0,1.0,37.125,31.325195245087574
kdj_d,28.0,37.0,41.0,74.0,68.0,24.0,25.0,1.0,37.25,24.01041440708594
volatility_10d,23.0,81.0,87.0,74.0,13.0,15.0,9.0,1.0,37.875,36.12453657636514
return_1d_lag1,86.0,17.0,9.0,23.0,60.0,79.0,45.0,1.0,40.0,32.43014470695877
sma20_vs_sma50,27.0,73.0,76.0,74.0,2.0,57.0,11.0,1.0,40.125,33.39134832343766
atr_relative,60.0,85.0,83.0,7.0,44.0,1.0,44.0,1.0,40.625,34.710794945006455
macd_signal,55.0,75.0,60.0,74.0,21.0,22.0,22.0,1.0,41.25,28.090415243841246
kdj_j_lag10,53.0,60.0,61.0,26.0,17.0,87.0,26.0,1.0,41.375,28.399886820700033
volume_change,86.0,49.0,50.0,22.0,24.0,51.0,48.0,1.0,41.375,25.54512813490219
return_1d_lag3,86.0,31.0,55.0,28.0,39.0,44.0,53.0,1.0,42.125,24.602192120680165
return_1d_lag2,48.0,47.0,81.0,74.0,50.0,14.0,23.0,1.0,42.25,28.01912612076666
dist_to_lower_band,9.0,53.0,44.0,74.0,63.0,38.0,58.0,1.0,42.5,25.718253662108776
return_3d,86.0,15.0,17.0,74.0,54.0,33.0,62.0,1.0,42.75,30.74201406172713
macd_hist,22.0,23.0,24.0,74.0,59.0,60.0,81.0,1.0,43.0,29.071340821208388
volume_price_correlation,61.0,91.0,97.0,74.0,8.0,2.0,10.0,1.0,43.0,41.8568990729127
obv_change_10d,36.0,52.0,56.0,38.0,33.0,97.0,33.0,1.0,43.25,27.264576704162177
kdj_j,86.0,4.0,4.0,74.0,38.0,80.0,66.0,1.0,44.125,36.89536362665175
rsi_14_lag10,47.0,65.0,67.0,74.0,43.0,13.0,50.0,1.0,45.0,25.96150997149434
close_vs_ema5,18.0,19.0,7.0,74.0,98.0,45.0,100.0,1.0,45.25,40.460739347810105
dist_to_upper_band,38.0,44.0,27.0,74.0,48.0,76.0,59.0,1.0,45.875,24.816109399224644
macd_hist_lag5,54.0,55.0,79.0,33.0,26.0,75.0,46.0,1.0,46.125,25.825997422309616
close_vs_sma200,2.0,106.0,109.0,35.0,1.0,95.0,21.0,1.0,46.25,48.84596781136158
rsi_14_lag1,10.0,46.0,43.0,74.0,87.0,62.0,47.0,1.0,46.25,29.402380855978315
return_2d,86.0,29.0,19.0,74.0,61.0,23.0,78.0,1.0,46.375,32.0799781795437
di_minus,51.0,86.0,69.0,14.0,20.0,109.0,27.0,1.0,47.125,38.17043545542994
kdj_j_lag2,5.0,40.0,40.0,74.0,72.0,71.0,75.0,1.0,47.25,30.91809456335515
rsi_14,19.0,38.0,37.0,74.0,92.0,39.0,80.0,1.0,47.5,31.591137997862628
return_1d_lag5,86.0,64.0,52.0,24.0,37.0,98.0,20.0,1.0,47.75,33.605909344297515
kdj_j_lag3,86.0,54.0,58.0,74.0,42.0,31.0,37.0,1.0,47.875,26.486856578850038
kdj_j_lag1,49.0,8.0,12.0,74.0,65.0,103.0,71.0,1.0,47.875,37.08075164903137
bollinger_width,14.0,96.0,73.0,74.0,18.0,78.0,32.0,1.0,48.25,35.907619565450766
close_vs_vwap,3.0,28.0,35.0,74.0,85.0,73.0,88.0,1.0,48.375,35.999751983272645
stoch_d,50.0,59.0,62.0,74.0,34.0,104.0,7.0,1.0,48.875,34.252997783301495
bollinger_position,30.0,32.0,33.0,74.0,95.0,66.0,69.0,1.0,50.0,30.78032766928532
bollinger_position_lag5,24.0,83.0,94.0,74.0,53.0,18.0,54.0,1.0,50.125,33.22407689785054
kdj_k,86.0,11.0,16.0,74.0,58.0,94.0,64.0,1.0,50.5,36.14257481538517
williams_r,86.0,9.0,14.0,74.0,76.0,100.0,55.0,1.0,51.875,38.58733137776105
adx_lag3,20.0,84.0,82.0,74.0,29.0,83.0,43.0,1.0,52.0,32.958848800977776
return_1d,86.0,88.0,53.0,15.0,83.0,9.0,87.0,1.0,52.75,38.64397938692576
overnight_gap,86.0,105.0,59.0,74.0,45.0,27.0,30.0,1.0,53.375,34.31341886617704
bbi_change_5d,40.0,27.0,32.0,74.0,74.0,91.0,97.0,1.0,54.5,34.297021944852794
macd_hist_lag1,86.0,45.0,38.0,74.0,77.0,32.0,91.0,1.0,55.5,31.473344731239298
close_vs_sma20_lag5,86.0,50.0,57.0,36.0,69.0,90.0,56.0,1.0,55.625,28.50031328148617
adx,86.0,102.0,101.0,74.0,31.0,11.0,40.0,1.0,55.75,40.17017372557476
return_1d_lag10,15.0,98.0,95.0,74.0,46.0,56.0,65.0,1.0,56.25,34.837377300004334
atr_relative_lag10,34.0,108.0,100.0,74.0,23.0,99.0,13.0,1.0,56.5,43.520110293977886
upper_wick,59.0,89.0,88.0,37.0,30.0,102.0,52.0,1.0,57.25,34.44146172441416
return_10d,86.0,42.0,28.0,74.0,90.0,54.0,83.0,1.0,57.25,31.860185633034668
close_vs_sma5,11.0,20.0,11.0,74.0,97.0,53.0,85.0,109.0,57.5,39.62683073733899
kdj_j_lag5,17.0,109.0,106.0,74.0,27.0,96.0,36.0,1.0,58.25,43.060588543519536
macd_hist_lag10,86.0,67.0,78.0,74.0,28.0,92.0,41.0,1.0,58.375,31.87895633710202
bollinger_position_lag10,86.0,78.0,77.0,27.0,67.0,67.0,72.0,1.0,59.375,29.51482678248341
quarter,42.0,14.0,21.0,5.0,109.0,69.0,109.0,109.0,59.75,45.149750829877235
bollinger_position_lag2,21.0,79.0,71.0,29.0,93.0,89.0,96.0,1.0,59.875,37.16925572874135
atr_relative_lag1,32.0,100.0,102.0,74.0,75.0,28.0,70.0,1.0,60.25,36.20082871979591
macd,52.0,107.0,93.0,74.0,56.0,42.0,57.0,1.0,60.25,32.486260832190936
di_difference,86.0,62.0,65.0,74.0,49.0,88.0,60.0,1.0,60.625,27.474338676559363
rsi_21,62.0,57.0,63.0,74.0,88.0,61.0,79.0,1.0,60.625,26.300122215902885
close_vs_ema50,35.0,68.0,74.0,20.0,84.0,8.0,92.0,109.0,61.25,36.20872033877238
macd_hist_lag2,86.0,77.0,68.0,74.0,81.0,35.0,68.0,1.0,61.25,28.843172007055177
atr_relative_lag5,57.0,94.0,107.0,74.0,51.0,50.0,61.0,1.0,61.875,32.082204680209514
up_days_last_5,37.0,48.0,49.0,8.0,104.0,40.0,102.0,109.0,62.125,37.72622240753581
close_vs_sma20_lag2,86.0,66.0,90.0,74.0,80.0,29.0,73.0,1.0,62.375,31.107819412029325
rsi_14_lag5,86.0,72.0,70.0,74.0,70.0,37.0,93.0,1.0,62.875,29.878025847961048
rsi_14_lag3,86.0,93.0,91.0,74.0,71.0,63.0,24.0,1.0,62.875,33.3013834976438
close_vs_sma50,86.0,80.0,84.0,74.0,82.0,41.0,63.0,1.0,63.875,29.430001698946604
return_21d,86.0,76.0,99.0,74.0,32.0,93.0,51.0,1.0,64.0,33.71307503879509
close_vs_sma20_lag10,86.0,56.0,66.0,74.0,57.0,107.0,74.0,1.0,65.125,30.72661712587313
close_vs_ema10,44.0,16.0,13.0,74.0,101.0,58.0,106.0,109.0,65.125,38.893398264633916
bollinger_position_lag3,86.0,95.0,86.0,74.0,73.0,46.0,89.0,1.0,68.75,31.276417405359677
close_vs_sma20_lag1,45.0,39.0,48.0,74.0,78.0,81.0,90.0,109.0,70.5,24.465719457465962
macd_hist_lag3,86.0,104.0,96.0,74.0,62.0,68.0,77.0,1.0,71.0,31.563993953327806
adx_lag1,86.0,92.0,89.0,74.0,79.0,72.0,84.0,1.0,72.125,29.57526717667025
close_vs_bbi,86.0,22.0,20.0,74.0,108.0,52.0,107.0,109.0,72.25,37.212709042553115
atr_relative_lag3,86.0,99.0,108.0,74.0,66.0,108.0,38.0,1.0,72.5,37.32482896334365
bollinger_position_lag1,86.0,30.0,31.0,74.0,100.0,59.0,94.0,109.0,72.875,30.342979889447715
day_of_week,86.0,61.0,64.0,19.0,106.0,43.0,103.0,109.0,73.875,32.70839778580244
atr_relative_lag2,33.0,103.0,104.0,74.0,89.0,106.0,82.0,1.0,74.0,37.9172030312665
adx_lag2,86.0,87.0,85.0,74.0,91.0,74.0,101.0,1.0,74.875,31.110115488604116
close_vs_sma20_lag3,86.0,97.0,105.0,74.0,86.0,64.0,86.0,1.0,74.875,32.39240431247512
avg_return_10d,86.0,43.0,30.0,74.0,103.0,47.0,108.0,109.0,75.0,31.586615610322763
close_vs_ema20,86.0,34.0,36.0,74.0,102.0,77.0,95.0,109.0,76.625,28.2637450758792
close_vs_sma20,86.0,35.0,39.0,74.0,99.0,82.0,98.0,109.0,77.75,27.431733448690405
up_days_last_10,86.0,36.0,46.0,74.0,105.0,70.0,105.0,109.0,78.875,27.632473132685238
sma5_vs_sma20,86.0,63.0,72.0,74.0,107.0,55.0,99.0,109.0,83.125,20.364096556720323
rsi_14_lag2,86.0,82.0,80.0,74.0,94.0,86.0,76.0,109.0,85.875,11.268635359134791
